gate,policy,budget,minimum,coverage,useful_coverage,false_accept,queries,gate_queries,reliability
all,existing_only,0,0,1.0,0.9125000000000001,0.0875,0.0,39.9375,0.9125000000000001
all,candidate_focused,8,1,0.9979166666666667,0.9395833333333333,0.058333333333333334,8.0,39.9375,0.941544885177453
all,failure_count,8,1,0.9979166666666667,0.9395833333333333,0.058333333333333334,8.0,39.9375,0.941544885177453
all,failure_history,8,1,0.9979166666666667,0.9395833333333333,0.058333333333333334,8.0,39.9375,0.941544885177453
all,round_robin,8,1,1.0,0.9229166666666667,0.07708333333333334,8.0,39.9375,0.9229166666666667
all,candidate_focused,16,1,0.9979166666666667,0.95,0.04791666666666666,16.0,39.9375,0.9519832985386221
all,failure_count,16,1,0.9958333333333333,0.95,0.04583333333333334,16.0,39.9375,0.9539748953974895
all,failure_history,16,1,0.9979166666666667,0.9520833333333334,0.04583333333333334,16.0,39.9375,0.954070981210856
all,round_robin,16,1,1.0,0.9291666666666667,0.07083333333333333,16.0,39.9375,0.9291666666666667
all,candidate_focused,32,1,1.0,0.96875,0.03125,32.0,39.9375,0.96875
all,failure_count,32,1,0.9979166666666667,0.9666666666666667,0.03125,32.0,39.9375,0.9686847599164927
all,failure_history,32,1,0.9979166666666667,0.9666666666666667,0.03125,32.0,39.9375,0.9686847599164927
all,round_robin,32,1,1.0,0.94375,0.056249999999999994,32.0,39.9375,0.94375
all,candidate_focused,64,1,0.9979166666666667,0.9770833333333333,0.020833333333333332,64.0,39.9375,0.9791231732776617
all,failure_count,64,1,0.9979166666666667,0.9770833333333333,0.020833333333333332,64.0,39.9375,0.9791231732776617
all,failure_history,64,1,0.9979166666666667,0.9770833333333333,0.020833333333333332,64.0,39.9375,0.9791231732776617
all,round_robin,64,1,1.0,0.9541666666666667,0.04583333333333334,64.0,39.9375,0.9541666666666667
all,candidate_focused,128,1,1.0,0.9791666666666666,0.020833333333333332,98.16875,39.9375,0.9791666666666666
all,failure_count,128,1,1.0,0.9791666666666666,0.020833333333333332,98.16875,39.9375,0.9791666666666666
all,failure_history,128,1,1.0,0.9791666666666666,0.020833333333333332,98.16875,39.9375,0.9791666666666666
all,round_robin,128,1,1.0,0.96875,0.03125,98.16875,39.9375,0.96875
all,candidate_focused,8,4,0.9812500000000001,0.9270833333333334,0.05416666666666667,8.0,39.9375,0.9447983014861996
all,failure_count,8,4,0.9812500000000001,0.9270833333333334,0.05416666666666667,8.0,39.9375,0.9447983014861996
all,failure_history,8,4,0.9812500000000001,0.9270833333333334,0.05416666666666667,8.0,39.9375,0.9447983014861996
all,round_robin,8,4,0.7708333333333333,0.7708333333333333,0.0,8.0,39.9375,1.0
all,candidate_focused,16,4,0.99375,0.9479166666666666,0.04583333333333334,16.0,39.9375,0.9538784067085954
all,failure_count,16,4,0.99375,0.9479166666666666,0.04583333333333334,16.0,39.9375,0.9538784067085954
all,failure_history,16,4,0.9916666666666667,0.9479166666666666,0.04375,16.0,39.9375,0.9558823529411764
all,round_robin,16,4,0.9958333333333333,0.925,0.07083333333333333,16.0,39.9375,0.9288702928870293
all,candidate_focused,32,4,0.99375,0.9625,0.03125,32.0,39.9375,0.9685534591194969
all,failure_count,32,4,0.9916666666666667,0.9604166666666667,0.03125,32.0,39.9375,0.9684873949579832
all,failure_history,32,4,0.99375,0.9625,0.03125,32.0,39.9375,0.9685534591194969
all,round_robin,32,4,1.0,0.94375,0.056249999999999994,32.0,39.9375,0.94375
all,candidate_focused,64,4,0.99375,0.9729166666666667,0.020833333333333332,64.0,39.9375,0.9790356394129979
all,failure_count,64,4,0.99375,0.9729166666666667,0.020833333333333332,64.0,39.9375,0.9790356394129979
all,failure_history,64,4,0.99375,0.9729166666666667,0.020833333333333332,64.0,39.9375,0.9790356394129979
all,round_robin,64,4,1.0,0.9541666666666667,0.04583333333333334,64.0,39.9375,0.9541666666666667
all,candidate_focused,128,4,1.0,0.9791666666666666,0.020833333333333332,98.16875,39.9375,0.9791666666666666
all,failure_count,128,4,1.0,0.9791666666666666,0.020833333333333332,98.16875,39.9375,0.9791666666666666
all,failure_history,128,4,1.0,0.9791666666666666,0.020833333333333332,98.16875,39.9375,0.9791666666666666
all,round_robin,128,4,1.0,0.96875,0.03125,98.16875,39.9375,0.96875
all,candidate_focused,8,8,0.9625,0.9104166666666668,0.05208333333333333,8.0,39.9375,0.945887445887446
all,failure_count,8,8,0.9625,0.9104166666666668,0.05208333333333333,8.0,39.9375,0.945887445887446
all,failure_history,8,8,0.9625,0.9104166666666668,0.05208333333333333,8.0,39.9375,0.945887445887446
all,round_robin,8,8,0.4375,0.4375,0.0,8.0,39.9375,1.0
all,candidate_focused,16,8,0.9812500000000001,0.9354166666666667,0.04583333333333334,16.0,39.9375,0.9532908704883226
all,failure_count,16,8,0.9812500000000001,0.9354166666666667,0.04583333333333334,16.0,39.9375,0.9532908704883226
all,failure_history,16,8,0.9791666666666667,0.9354166666666667,0.04375,16.0,39.9375,0.9553191489361701
all,round_robin,16,8,0.7708333333333333,0.7708333333333333,0.0,16.0,39.9375,1.0
all,candidate_focused,32,8,0.9854166666666667,0.95625,0.029166666666666667,32.0,39.9375,0.9704016913319239
all,failure_count,32,8,0.9833333333333334,0.9541666666666667,0.029166666666666667,32.0,39.9375,0.9703389830508474
all,failure_history,32,8,0.9833333333333334,0.95625,0.027083333333333334,32.0,39.9375,0.972457627118644
all,round_robin,32,8,0.8729166666666667,0.85625,0.016666666666666666,32.0,39.9375,0.9809069212410501
all,candidate_focused,64,8,0.9895833333333334,0.96875,0.020833333333333332,64.0,39.9375,0.9789473684210526
all,failure_count,64,8,0.9895833333333334,0.96875,0.020833333333333332,64.0,39.9375,0.9789473684210526
all,failure_history,64,8,0.9895833333333334,0.96875,0.020833333333333332,64.0,39.9375,0.9789473684210526
all,round_robin,64,8,1.0,0.9541666666666667,0.04583333333333334,64.0,39.9375,0.9541666666666667
all,candidate_focused,128,8,1.0,0.9791666666666666,0.020833333333333332,98.16875,39.9375,0.9791666666666666
all,failure_count,128,8,1.0,0.9791666666666666,0.020833333333333332,98.16875,39.9375,0.9791666666666666
all,failure_history,128,8,1.0,0.9791666666666666,0.020833333333333332,98.16875,39.9375,0.9791666666666666
all,round_robin,128,8,1.0,0.96875,0.03125,98.16875,39.9375,0.96875
all,candidate_focused,8,16,0.0,0.0,0.0,8.0,39.9375,
all,failure_count,8,16,0.0,0.0,0.0,8.0,39.9375,
all,failure_history,8,16,0.0,0.0,0.0,8.0,39.9375,
all,round_robin,8,16,0.0,0.0,0.0,8.0,39.9375,
all,candidate_focused,16,16,0.9458333333333334,0.9041666666666668,0.041666666666666664,16.0,39.9375,0.9559471365638766
all,failure_count,16,16,0.9458333333333334,0.9041666666666668,0.041666666666666664,16.0,39.9375,0.9559471365638766
all,failure_history,16,16,0.9458333333333334,0.9041666666666668,0.041666666666666664,16.0,39.9375,0.9559471365638766
all,round_robin,16,16,0.4375,0.4375,0.0,16.0,39.9375,1.0
all,candidate_focused,32,16,0.96875,0.9416666666666667,0.027083333333333334,32.0,39.9375,0.9720430107526882
all,failure_count,32,16,0.96875,0.9416666666666667,0.027083333333333334,32.0,39.9375,0.9720430107526882
all,failure_history,32,16,0.9708333333333334,0.9437500000000001,0.027083333333333334,32.0,39.9375,0.9721030042918455
all,round_robin,32,16,0.7708333333333333,0.7708333333333333,0.0,32.0,39.9375,1.0
all,candidate_focused,64,16,0.9791666666666667,0.9583333333333334,0.020833333333333332,64.0,39.9375,0.9787234042553191
all,failure_count,64,16,0.9791666666666667,0.9583333333333334,0.020833333333333332,64.0,39.9375,0.9787234042553191
all,failure_history,64,16,0.9791666666666667,0.9583333333333334,0.020833333333333332,64.0,39.9375,0.9787234042553191
all,round_robin,64,16,0.8895833333333334,0.8770833333333332,0.0125,64.0,39.9375,0.9859484777517562
all,candidate_focused,128,16,1.0,0.9791666666666666,0.020833333333333332,98.16875,39.9375,0.9791666666666666
all,failure_count,128,16,1.0,0.9791666666666666,0.020833333333333332,98.16875,39.9375,0.9791666666666666
all,failure_history,128,16,1.0,0.9791666666666666,0.020833333333333332,98.16875,39.9375,0.9791666666666666
all,round_robin,128,16,1.0,0.96875,0.03125,98.16875,39.9375,0.96875
one,existing_only,0,0,1.0,0.325,0.6749999999999999,0.0,15.0625,0.325
one,candidate_focused,8,1,0.8916666666666667,0.75,0.14166666666666666,8.0,15.0625,0.8411214953271028
one,failure_count,8,1,0.8958333333333335,0.7541666666666667,0.1416666666666667,8.0,15.0625,0.8418604651162789
one,failure_history,8,1,0.9083333333333334,0.75,0.15833333333333333,8.0,15.0625,0.8256880733944953
one,round_robin,8,1,0.9625,0.6291666666666667,0.33333333333333337,8.0,15.0625,0.6536796536796536
one,candidate_focused,16,1,0.9729166666666668,0.8791666666666668,0.09375,16.0,15.0625,0.9036402569593148
one,failure_count,16,1,0.9708333333333334,0.8854166666666667,0.08541666666666667,16.0,15.0625,0.9120171673819742
one,failure_history,16,1,0.9687500000000001,0.8812500000000001,0.0875,16.0,15.0625,0.9096774193548387
one,round_robin,16,1,0.9958333333333333,0.7479166666666667,0.24791666666666665,16.0,15.0625,0.7510460251046025
one,candidate_focused,32,1,0.99375,0.9520833333333334,0.041666666666666664,32.0,15.0625,0.9580712788259959
one,failure_count,32,1,0.9958333333333333,0.95625,0.03958333333333333,32.0,15.0625,0.9602510460251046
one,failure_history,32,1,0.9979166666666667,0.9500000000000001,0.04791666666666666,32.0,15.0625,0.9519832985386222
one,round_robin,32,1,1.0,0.8708333333333333,0.12916666666666665,32.0,15.0625,0.8708333333333333
one,candidate_focused,64,1,1.0,0.96875,0.03125,64.0,15.0625,0.96875
one,failure_count,64,1,1.0,0.96875,0.03125,64.0,15.0625,0.96875
one,failure_history,64,1,0.9979166666666667,0.9645833333333333,0.03333333333333333,64.0,15.0625,0.9665970772442589
one,round_robin,64,1,1.0,0.94375,0.056249999999999994,64.0,15.0625,0.94375
one,candidate_focused,128,1,1.0,0.96875,0.03125,101.55208333333333,15.0625,0.96875
one,failure_count,128,1,1.0,0.96875,0.03125,101.30833333333332,15.0625,0.96875
one,failure_history,128,1,1.0,0.96875,0.03125,101.41875,15.0625,0.96875
one,round_robin,128,1,1.0,0.9645833333333333,0.035416666666666666,101.55208333333333,15.0625,0.9645833333333333
one,candidate_focused,8,4,0.7833333333333332,0.6645833333333334,0.11875000000000001,8.0,15.0625,0.8484042553191492
one,failure_count,8,4,0.7854166666666665,0.6687500000000001,0.11666666666666667,8.0,15.0625,0.8514588859416448
one,failure_history,8,4,0.7874999999999999,0.6625,0.12500000000000003,8.0,15.0625,0.8412698412698414
one,round_robin,8,4,0.28541666666666665,0.2791666666666667,0.00625,8.0,15.0625,0.9781021897810219
one,candidate_focused,16,4,0.9291666666666667,0.84375,0.08541666666666667,16.0,15.0625,0.9080717488789237
one,failure_count,16,4,0.9354166666666668,0.8583333333333334,0.07708333333333334,16.0,15.0625,0.9175946547884186
one,failure_history,16,4,0.9187500000000002,0.8479166666666668,0.07083333333333333,16.0,15.0625,0.9229024943310656
one,round_robin,16,4,0.5979166666666667,0.5479166666666666,0.049999999999999996,16.0,15.0625,0.916376306620209
one,candidate_focused,32,4,0.9791666666666667,0.9416666666666668,0.0375,32.0,15.0625,0.9617021276595745
one,failure_count,32,4,0.9875,0.9500000000000001,0.0375,32.0,15.0625,0.9620253164556962
one,failure_history,32,4,0.9875,0.9437500000000001,0.04375,32.0,15.0625,0.9556962025316457
one,round_robin,32,4,0.975,0.85625,0.11875000000000001,32.0,15.0625,0.8782051282051282
one,candidate_focused,64,4,0.9979166666666667,0.9666666666666667,0.03125,64.0,15.0625,0.9686847599164927
one,failure_count,64,4,0.9979166666666667,0.9666666666666667,0.03125,64.0,15.0625,0.9686847599164927
one,failure_history,64,4,0.9958333333333333,0.9625,0.03333333333333333,64.0,15.0625,0.9665271966527197
one,round_robin,64,4,1.0,0.94375,0.056249999999999994,64.0,15.0625,0.94375
one,candidate_focused,128,4,1.0,0.96875,0.03125,101.55208333333333,15.0625,0.96875
one,failure_count,128,4,1.0,0.96875,0.03125,101.30833333333332,15.0625,0.96875
one,failure_history,128,4,1.0,0.96875,0.03125,101.41875,15.0625,0.96875
one,round_robin,128,4,1.0,0.9645833333333333,0.035416666666666666,101.55208333333333,15.0625,0.9645833333333333
one,candidate_focused,8,8,0.375,0.325,0.049999999999999996,8.0,15.0625,0.8666666666666667
one,failure_count,8,8,0.375,0.325,0.049999999999999996,8.0,15.0625,0.8666666666666667
one,failure_history,8,8,0.375,0.325,0.049999999999999996,8.0,15.0625,0.8666666666666667
one,round_robin,8,8,0.0625,0.0625,0.0,8.0,15.0625,1.0
one,candidate_focused,16,8,0.8479166666666667,0.7812499999999999,0.06666666666666667,16.0,15.0625,0.9213759213759213
one,failure_count,16,8,0.8458333333333332,0.7791666666666666,0.06666666666666667,16.0,15.0625,0.9211822660098522
one,failure_history,16,8,0.8354166666666666,0.7708333333333333,0.06458333333333333,16.0,15.0625,0.9226932668329177
one,round_robin,16,8,0.3958333333333333,0.38958333333333334,0.00625,16.0,15.0625,0.9842105263157895
one,candidate_focused,32,8,0.9687500000000001,0.9312500000000001,0.0375,32.0,15.0625,0.9612903225806452
one,failure_count,32,8,0.9708333333333334,0.9333333333333333,0.0375,32.0,15.0625,0.9613733905579398
one,failure_history,32,8,0.9645833333333333,0.9250000000000002,0.03958333333333333,32.0,15.0625,0.9589632829373651
one,round_robin,32,8,0.6354166666666666,0.6208333333333333,0.014583333333333334,32.0,15.0625,0.9770491803278689
one,candidate_focused,64,8,0.9958333333333333,0.9645833333333333,0.03125,64.0,15.0625,0.9686192468619247
one,failure_count,64,8,0.9979166666666667,0.9666666666666667,0.03125,64.0,15.0625,0.9686847599164927
one,failure_history,64,8,0.9958333333333333,0.9625,0.03333333333333333,64.0,15.0625,0.9665271966527197
one,round_robin,64,8,1.0,0.94375,0.056249999999999994,64.0,15.0625,0.94375
one,candidate_focused,128,8,1.0,0.96875,0.03125,101.55208333333333,15.0625,0.96875
one,failure_count,128,8,1.0,0.96875,0.03125,101.30833333333332,15.0625,0.96875
one,failure_history,128,8,1.0,0.96875,0.03125,101.41875,15.0625,0.96875
one,round_robin,128,8,1.0,0.9645833333333333,0.035416666666666666,101.55208333333333,15.0625,0.9645833333333333
one,candidate_focused,8,16,0.0,0.0,0.0,8.0,15.0625,
one,failure_count,8,16,0.0,0.0,0.0,8.0,15.0625,
one,failure_history,8,16,0.0,0.0,0.0,8.0,15.0625,
one,round_robin,8,16,0.0,0.0,0.0,8.0,15.0625,
one,candidate_focused,16,16,0.3479166666666667,0.325,0.022916666666666665,16.0,15.0625,0.934131736526946
one,failure_count,16,16,0.3479166666666667,0.325,0.022916666666666665,16.0,15.0625,0.934131736526946
one,failure_history,16,16,0.3479166666666667,0.325,0.022916666666666665,16.0,15.0625,0.934131736526946
one,round_robin,16,16,0.0625,0.0625,0.0,16.0,15.0625,1.0
one,candidate_focused,32,16,0.9083333333333333,0.8729166666666667,0.035416666666666666,32.0,15.0625,0.9610091743119267
one,failure_count,32,16,0.9125,0.8770833333333333,0.035416666666666666,32.0,15.0625,0.9611872146118722
one,failure_history,32,16,0.9229166666666666,0.8854166666666666,0.0375,32.0,15.0625,0.9593679458239278
one,round_robin,32,16,0.475,0.47083333333333327,0.004166666666666667,32.0,15.0625,0.9912280701754385
one,candidate_focused,64,16,0.9875,0.9583333333333334,0.029166666666666667,64.0,15.0625,0.9704641350210971
one,failure_count,64,16,0.9895833333333334,0.9604166666666667,0.029166666666666667,64.0,15.0625,0.9705263157894737
one,failure_history,64,16,0.9895833333333334,0.9583333333333334,0.03125,64.0,15.0625,0.968421052631579
one,round_robin,64,16,0.8291666666666667,0.8208333333333333,0.008333333333333333,64.0,15.0625,0.9899497487437185
one,candidate_focused,128,16,1.0,0.96875,0.03125,101.55208333333333,15.0625,0.96875
one,failure_count,128,16,1.0,0.96875,0.03125,101.30833333333332,15.0625,0.96875
one,failure_history,128,16,1.0,0.96875,0.03125,101.41875,15.0625,0.96875
one,round_robin,128,16,1.0,0.9645833333333333,0.035416666666666666,101.55208333333333,15.0625,0.9645833333333333
three,existing_only,0,0,1.0,0.8041666666666667,0.1958333333333333,0.0,26.5,0.8041666666666667
three,candidate_focused,8,1,0.9875,0.9166666666666666,0.07083333333333333,8.0,26.5,0.9282700421940927
three,failure_count,8,1,0.9916666666666667,0.9187500000000001,0.07291666666666667,8.0,26.5,0.9264705882352942
three,failure_history,8,1,0.99375,0.9187500000000001,0.07500000000000001,8.0,26.5,0.9245283018867925
three,round_robin,8,1,1.0,0.8854166666666666,0.11458333333333334,8.0,26.5,0.8854166666666666
three,candidate_focused,16,1,0.9958333333333333,0.9458333333333333,0.05,16.0,26.5,0.9497907949790795
three,failure_count,16,1,0.99375,0.9458333333333333,0.04791666666666666,16.0,26.5,0.9517819706498951
three,failure_history,16,1,0.9958333333333333,0.9458333333333333,0.05,16.0,26.5,0.9497907949790795
three,round_robin,16,1,1.0,0.9020833333333333,0.09791666666666665,16.0,26.5,0.9020833333333333
three,candidate_focused,32,1,1.0,0.9666666666666667,0.03333333333333333,32.0,26.5,0.9666666666666667
three,failure_count,32,1,0.9979166666666667,0.9645833333333333,0.03333333333333333,32.0,26.5,0.9665970772442589
three,failure_history,32,1,0.9979166666666667,0.9645833333333333,0.03333333333333333,32.0,26.5,0.9665970772442589
three,round_robin,32,1,1.0,0.925,0.075,32.0,26.5,0.925
three,candidate_focused,64,1,0.9958333333333333,0.9729166666666667,0.022916666666666665,64.0,26.5,0.9769874476987448
three,failure_count,64,1,0.9958333333333333,0.975,0.020833333333333332,64.0,26.5,0.9790794979079498
three,failure_history,64,1,0.9958333333333333,0.975,0.020833333333333332,64.0,26.5,0.9790794979079498
three,round_robin,64,1,1.0,0.95625,0.04375,64.0,26.5,0.95625
three,candidate_focused,128,1,1.0,0.9791666666666666,0.020833333333333332,98.65416666666667,26.5,0.9791666666666666
three,failure_count,128,1,1.0,0.9791666666666666,0.020833333333333332,98.44791666666667,26.5,0.9791666666666666
three,failure_history,128,1,1.0,0.9791666666666666,0.020833333333333332,98.24166666666666,26.5,0.9791666666666666
three,round_robin,128,1,1.0,0.9666666666666667,0.03333333333333333,98.65416666666667,26.5,0.9666666666666667
three,candidate_focused,8,4,0.9645833333333333,0.8979166666666667,0.06666666666666667,8.0,26.5,0.9308855291576674
three,failure_count,8,4,0.9645833333333333,0.8979166666666667,0.06666666666666667,8.0,26.5,0.9308855291576674
three,failure_history,8,4,0.9666666666666667,0.8979166666666667,0.06875,8.0,26.5,0.9288793103448276
three,round_robin,8,4,0.6958333333333333,0.6958333333333333,0.0,8.0,26.5,1.0
three,candidate_focused,16,4,0.9833333333333334,0.9354166666666667,0.04791666666666666,16.0,26.5,0.9512711864406779
three,failure_count,16,4,0.9833333333333334,0.9354166666666667,0.04791666666666666,16.0,26.5,0.9512711864406779
three,failure_history,16,4,0.9875,0.9375,0.05,16.0,26.5,0.9493670886075949
three,round_robin,16,4,0.9375,0.88125,0.056249999999999994,16.0,26.5,0.94
three,candidate_focused,32,4,0.9895833333333334,0.95625,0.03333333333333333,32.0,26.5,0.9663157894736842
three,failure_count,32,4,0.9916666666666667,0.9583333333333334,0.03333333333333333,32.0,26.5,0.9663865546218487
three,failure_history,32,4,0.9895833333333334,0.95625,0.03333333333333333,32.0,26.5,0.9663157894736842
three,round_robin,32,4,1.0,0.925,0.075,32.0,26.5,0.925
three,candidate_focused,64,4,0.9958333333333333,0.9729166666666667,0.022916666666666665,64.0,26.5,0.9769874476987448
three,failure_count,64,4,0.99375,0.9729166666666667,0.020833333333333332,64.0,26.5,0.9790356394129979
three,failure_history,64,4,0.99375,0.9729166666666667,0.020833333333333332,64.0,26.5,0.9790356394129979
three,round_robin,64,4,1.0,0.95625,0.04375,64.0,26.5,0.95625
three,candidate_focused,128,4,1.0,0.9791666666666666,0.020833333333333332,98.65416666666667,26.5,0.9791666666666666
three,failure_count,128,4,1.0,0.9791666666666666,0.020833333333333332,98.44791666666667,26.5,0.9791666666666666
three,failure_history,128,4,1.0,0.9791666666666666,0.020833333333333332,98.24166666666666,26.5,0.9791666666666666
three,round_robin,128,4,1.0,0.9666666666666667,0.03333333333333333,98.65416666666667,26.5,0.9666666666666667
three,candidate_focused,8,8,0.8583333333333334,0.8041666666666667,0.05416666666666666,8.0,26.5,0.9368932038834951
three,failure_count,8,8,0.8583333333333334,0.8041666666666667,0.05416666666666666,8.0,26.5,0.9368932038834951
three,failure_history,8,8,0.8583333333333334,0.8041666666666667,0.05416666666666666,8.0,26.5,0.9368932038834951
three,round_robin,8,8,0.375,0.375,0.0,8.0,26.5,1.0
three,candidate_focused,16,8,0.9666666666666667,0.9208333333333333,0.04583333333333333,16.0,26.5,0.9525862068965517
three,failure_count,16,8,0.9645833333333333,0.9208333333333333,0.04375,16.0,26.5,0.9546436285097192
three,failure_history,16,8,0.9645833333333333,0.9208333333333333,0.04375,16.0,26.5,0.9546436285097192
three,round_robin,16,8,0.6979166666666667,0.6979166666666667,0.0,16.0,26.5,1.0
three,candidate_focused,32,8,0.9812500000000001,0.9500000000000001,0.03125,32.0,26.5,0.9681528662420382
three,failure_count,32,8,0.9812500000000001,0.9500000000000001,0.03125,32.0,26.5,0.9681528662420382
three,failure_history,32,8,0.9812500000000001,0.9500000000000001,0.03125,32.0,26.5,0.9681528662420382
three,round_robin,32,8,0.84375,0.8270833333333333,0.016666666666666666,32.0,26.5,0.9802469135802468
three,candidate_focused,64,8,0.9895833333333334,0.96875,0.020833333333333332,64.0,26.5,0.9789473684210526
three,failure_count,64,8,0.9895833333333334,0.96875,0.020833333333333332,64.0,26.5,0.9789473684210526
three,failure_history,64,8,0.9895833333333334,0.96875,0.020833333333333332,64.0,26.5,0.9789473684210526
three,round_robin,64,8,1.0,0.95625,0.04375,64.0,26.5,0.95625
three,candidate_focused,128,8,1.0,0.9791666666666666,0.020833333333333332,98.65416666666667,26.5,0.9791666666666666
three,failure_count,128,8,1.0,0.9791666666666666,0.020833333333333332,98.44791666666667,26.5,0.9791666666666666
three,failure_history,128,8,1.0,0.9791666666666666,0.020833333333333332,98.24166666666666,26.5,0.9791666666666666
three,round_robin,128,8,1.0,0.9666666666666667,0.03333333333333333,98.65416666666667,26.5,0.9666666666666667
three,candidate_focused,8,16,0.0,0.0,0.0,8.0,26.5,
three,failure_count,8,16,0.0,0.0,0.0,8.0,26.5,
three,failure_history,8,16,0.0,0.0,0.0,8.0,26.5,
three,round_robin,8,16,0.0,0.0,0.0,8.0,26.5,
three,candidate_focused,16,16,0.8395833333333333,0.8041666666666667,0.035416666666666666,16.0,26.5,0.9578163771712159
three,failure_count,16,16,0.8395833333333333,0.8041666666666667,0.035416666666666666,16.0,26.5,0.9578163771712159
three,failure_history,16,16,0.8395833333333333,0.8041666666666667,0.035416666666666666,16.0,26.5,0.9578163771712159
three,round_robin,16,16,0.375,0.375,0.0,16.0,26.5,1.0
three,candidate_focused,32,16,0.9729166666666668,0.9416666666666668,0.03125,32.0,26.5,0.9678800856531049
three,failure_count,32,16,0.9750000000000001,0.9437500000000001,0.03125,32.0,26.5,0.967948717948718
three,failure_history,32,16,0.9729166666666668,0.9416666666666668,0.03125,32.0,26.5,0.9678800856531049
three,round_robin,32,16,0.7,0.7,0.0,32.0,26.5,1.0
three,candidate_focused,64,16,0.9812500000000001,0.9604166666666667,0.020833333333333332,64.0,26.5,0.9787685774946921
three,failure_count,64,16,0.9833333333333334,0.9625,0.020833333333333332,64.0,26.5,0.9788135593220338
three,failure_history,64,16,0.9833333333333334,0.9625,0.020833333333333332,64.0,26.5,0.9788135593220338
three,round_robin,64,16,0.8833333333333333,0.8708333333333332,0.0125,64.0,26.5,0.9858490566037735
three,candidate_focused,128,16,1.0,0.9791666666666666,0.020833333333333332,98.65416666666667,26.5,0.9791666666666666
three,failure_count,128,16,1.0,0.9791666666666666,0.020833333333333332,98.44791666666667,26.5,0.9791666666666666
three,failure_history,128,16,1.0,0.9791666666666666,0.020833333333333332,98.24166666666666,26.5,0.9791666666666666
three,round_robin,128,16,1.0,0.9666666666666667,0.03333333333333333,98.65416666666667,26.5,0.9666666666666667
