program,gate,seed,policy,budget,minimum,selected,accepted,correct,false_accept,queries,gate_queries,gate_passers,decision_seconds
bitcount,one,999,existing_only,0,0,cc836272aa55173d,1,1,0,0,10,1,0
bitcount,one,999,round_robin,8,1,cc836272aa55173d,1,1,0,8,10,1,3.512500552460551e-05
bitcount,one,999,round_robin,8,4,cc836272aa55173d,1,1,0,8,10,1,3.512500552460551e-05
bitcount,one,999,round_robin,8,8,cc836272aa55173d,1,1,0,8,10,1,3.512500552460551e-05
bitcount,one,999,round_robin,8,16,,0,0,0,8,10,1,3.512500552460551e-05
bitcount,one,999,candidate_focused,8,1,cc836272aa55173d,1,1,0,8,10,1,2.012499317061156e-05
bitcount,one,999,candidate_focused,8,4,cc836272aa55173d,1,1,0,8,10,1,2.012499317061156e-05
bitcount,one,999,candidate_focused,8,8,cc836272aa55173d,1,1,0,8,10,1,2.012499317061156e-05
bitcount,one,999,candidate_focused,8,16,,0,0,0,8,10,1,2.012499317061156e-05
bitcount,one,999,failure_count,8,1,cc836272aa55173d,1,1,0,8,10,1,2.4209002731367946e-05
bitcount,one,999,failure_count,8,4,cc836272aa55173d,1,1,0,8,10,1,2.4209002731367946e-05
bitcount,one,999,failure_count,8,8,cc836272aa55173d,1,1,0,8,10,1,2.4209002731367946e-05
bitcount,one,999,failure_count,8,16,,0,0,0,8,10,1,2.4209002731367946e-05
bitcount,one,999,failure_history,8,1,cc836272aa55173d,1,1,0,8,10,1,2.5917004677467048e-05
bitcount,one,999,failure_history,8,4,cc836272aa55173d,1,1,0,8,10,1,2.5917004677467048e-05
bitcount,one,999,failure_history,8,8,cc836272aa55173d,1,1,0,8,10,1,2.5917004677467048e-05
bitcount,one,999,failure_history,8,16,,0,0,0,8,10,1,2.5917004677467048e-05
bitcount,one,999,round_robin,16,1,cc836272aa55173d,1,1,0,16,10,1,2.0957988454028964e-05
bitcount,one,999,round_robin,16,4,cc836272aa55173d,1,1,0,16,10,1,2.0957988454028964e-05
bitcount,one,999,round_robin,16,8,cc836272aa55173d,1,1,0,16,10,1,2.0957988454028964e-05
bitcount,one,999,round_robin,16,16,cc836272aa55173d,1,1,0,16,10,1,2.0957988454028964e-05
bitcount,one,999,candidate_focused,16,1,cc836272aa55173d,1,1,0,16,10,1,1.7625003238208592e-05
bitcount,one,999,candidate_focused,16,4,cc836272aa55173d,1,1,0,16,10,1,1.7625003238208592e-05
bitcount,one,999,candidate_focused,16,8,cc836272aa55173d,1,1,0,16,10,1,1.7625003238208592e-05
bitcount,one,999,candidate_focused,16,16,cc836272aa55173d,1,1,0,16,10,1,1.7625003238208592e-05
bitcount,one,999,failure_count,16,1,cc836272aa55173d,1,1,0,16,10,1,2.575000689830631e-05
bitcount,one,999,failure_count,16,4,cc836272aa55173d,1,1,0,16,10,1,2.575000689830631e-05
bitcount,one,999,failure_count,16,8,cc836272aa55173d,1,1,0,16,10,1,2.575000689830631e-05
bitcount,one,999,failure_count,16,16,cc836272aa55173d,1,1,0,16,10,1,2.575000689830631e-05
bitcount,one,999,failure_history,16,1,cc836272aa55173d,1,1,0,16,10,1,2.8583002858795226e-05
bitcount,one,999,failure_history,16,4,cc836272aa55173d,1,1,0,16,10,1,2.8583002858795226e-05
bitcount,one,999,failure_history,16,8,cc836272aa55173d,1,1,0,16,10,1,2.8583002858795226e-05
bitcount,one,999,failure_history,16,16,cc836272aa55173d,1,1,0,16,10,1,2.8583002858795226e-05
bitcount,one,999,round_robin,32,1,cc836272aa55173d,1,1,0,16,10,1,1.9333994714543223e-05
bitcount,one,999,round_robin,32,4,cc836272aa55173d,1,1,0,16,10,1,1.9333994714543223e-05
bitcount,one,999,round_robin,32,8,cc836272aa55173d,1,1,0,16,10,1,1.9333994714543223e-05
bitcount,one,999,round_robin,32,16,cc836272aa55173d,1,1,0,16,10,1,1.9333994714543223e-05
bitcount,one,999,candidate_focused,32,1,cc836272aa55173d,1,1,0,16,10,1,1.737500133458525e-05
bitcount,one,999,candidate_focused,32,4,cc836272aa55173d,1,1,0,16,10,1,1.737500133458525e-05
bitcount,one,999,candidate_focused,32,8,cc836272aa55173d,1,1,0,16,10,1,1.737500133458525e-05
bitcount,one,999,candidate_focused,32,16,cc836272aa55173d,1,1,0,16,10,1,1.737500133458525e-05
bitcount,one,999,failure_count,32,1,cc836272aa55173d,1,1,0,16,10,1,2.562499139457941e-05
bitcount,one,999,failure_count,32,4,cc836272aa55173d,1,1,0,16,10,1,2.562499139457941e-05
bitcount,one,999,failure_count,32,8,cc836272aa55173d,1,1,0,16,10,1,2.562499139457941e-05
bitcount,one,999,failure_count,32,16,cc836272aa55173d,1,1,0,16,10,1,2.562499139457941e-05
bitcount,one,999,failure_history,32,1,cc836272aa55173d,1,1,0,16,10,1,3.9165999623946846e-05
bitcount,one,999,failure_history,32,4,cc836272aa55173d,1,1,0,16,10,1,3.9165999623946846e-05
bitcount,one,999,failure_history,32,8,cc836272aa55173d,1,1,0,16,10,1,3.9165999623946846e-05
bitcount,one,999,failure_history,32,16,cc836272aa55173d,1,1,0,16,10,1,3.9165999623946846e-05
bitcount,one,999,round_robin,64,1,cc836272aa55173d,1,1,0,16,10,1,2.1958010620437562e-05
bitcount,one,999,round_robin,64,4,cc836272aa55173d,1,1,0,16,10,1,2.1958010620437562e-05
bitcount,one,999,round_robin,64,8,cc836272aa55173d,1,1,0,16,10,1,2.1958010620437562e-05
bitcount,one,999,round_robin,64,16,cc836272aa55173d,1,1,0,16,10,1,2.1958010620437562e-05
bitcount,one,999,candidate_focused,64,1,cc836272aa55173d,1,1,0,16,10,1,1.7165992176160216e-05
bitcount,one,999,candidate_focused,64,4,cc836272aa55173d,1,1,0,16,10,1,1.7165992176160216e-05
bitcount,one,999,candidate_focused,64,8,cc836272aa55173d,1,1,0,16,10,1,1.7165992176160216e-05
bitcount,one,999,candidate_focused,64,16,cc836272aa55173d,1,1,0,16,10,1,1.7165992176160216e-05
bitcount,one,999,failure_count,64,1,cc836272aa55173d,1,1,0,16,10,1,2.5457993615418673e-05
bitcount,one,999,failure_count,64,4,cc836272aa55173d,1,1,0,16,10,1,2.5457993615418673e-05
bitcount,one,999,failure_count,64,8,cc836272aa55173d,1,1,0,16,10,1,2.5457993615418673e-05
bitcount,one,999,failure_count,64,16,cc836272aa55173d,1,1,0,16,10,1,2.5457993615418673e-05
bitcount,one,999,failure_history,64,1,cc836272aa55173d,1,1,0,16,10,1,2.849999873433262e-05
bitcount,one,999,failure_history,64,4,cc836272aa55173d,1,1,0,16,10,1,2.849999873433262e-05
bitcount,one,999,failure_history,64,8,cc836272aa55173d,1,1,0,16,10,1,2.849999873433262e-05
bitcount,one,999,failure_history,64,16,cc836272aa55173d,1,1,0,16,10,1,2.849999873433262e-05
bitcount,one,999,round_robin,128,1,cc836272aa55173d,1,1,0,16,10,1,4.025000089313835e-05
bitcount,one,999,round_robin,128,4,cc836272aa55173d,1,1,0,16,10,1,4.025000089313835e-05
bitcount,one,999,round_robin,128,8,cc836272aa55173d,1,1,0,16,10,1,4.025000089313835e-05
bitcount,one,999,round_robin,128,16,cc836272aa55173d,1,1,0,16,10,1,4.025000089313835e-05
bitcount,one,999,candidate_focused,128,1,cc836272aa55173d,1,1,0,16,10,1,2.737499016802758e-05
bitcount,one,999,candidate_focused,128,4,cc836272aa55173d,1,1,0,16,10,1,2.737499016802758e-05
bitcount,one,999,candidate_focused,128,8,cc836272aa55173d,1,1,0,16,10,1,2.737499016802758e-05
bitcount,one,999,candidate_focused,128,16,cc836272aa55173d,1,1,0,16,10,1,2.737499016802758e-05
bitcount,one,999,failure_count,128,1,cc836272aa55173d,1,1,0,16,10,1,2.7624992071650922e-05
bitcount,one,999,failure_count,128,4,cc836272aa55173d,1,1,0,16,10,1,2.7624992071650922e-05
bitcount,one,999,failure_count,128,8,cc836272aa55173d,1,1,0,16,10,1,2.7624992071650922e-05
bitcount,one,999,failure_count,128,16,cc836272aa55173d,1,1,0,16,10,1,2.7624992071650922e-05
bitcount,one,999,failure_history,128,1,cc836272aa55173d,1,1,0,16,10,1,2.9499991796910763e-05
bitcount,one,999,failure_history,128,4,cc836272aa55173d,1,1,0,16,10,1,2.9499991796910763e-05
bitcount,one,999,failure_history,128,8,cc836272aa55173d,1,1,0,16,10,1,2.9499991796910763e-05
bitcount,one,999,failure_history,128,16,cc836272aa55173d,1,1,0,16,10,1,2.9499991796910763e-05
bitcount,three,999,existing_only,0,0,cc836272aa55173d,1,1,0,0,12,1,0
bitcount,three,999,round_robin,8,1,cc836272aa55173d,1,1,0,8,12,1,1.4834004105068743e-05
bitcount,three,999,round_robin,8,4,cc836272aa55173d,1,1,0,8,12,1,1.4834004105068743e-05
bitcount,three,999,round_robin,8,8,cc836272aa55173d,1,1,0,8,12,1,1.4834004105068743e-05
bitcount,three,999,round_robin,8,16,,0,0,0,8,12,1,1.4834004105068743e-05
bitcount,three,999,candidate_focused,8,1,cc836272aa55173d,1,1,0,8,12,1,1.2750009773299098e-05
bitcount,three,999,candidate_focused,8,4,cc836272aa55173d,1,1,0,8,12,1,1.2750009773299098e-05
bitcount,three,999,candidate_focused,8,8,cc836272aa55173d,1,1,0,8,12,1,1.2750009773299098e-05
bitcount,three,999,candidate_focused,8,16,,0,0,0,8,12,1,1.2750009773299098e-05
bitcount,three,999,failure_count,8,1,cc836272aa55173d,1,1,0,8,12,1,1.8166014342568815e-05
bitcount,three,999,failure_count,8,4,cc836272aa55173d,1,1,0,8,12,1,1.8166014342568815e-05
bitcount,three,999,failure_count,8,8,cc836272aa55173d,1,1,0,8,12,1,1.8166014342568815e-05
bitcount,three,999,failure_count,8,16,,0,0,0,8,12,1,1.8166014342568815e-05
bitcount,three,999,failure_history,8,1,cc836272aa55173d,1,1,0,8,12,1,2.241700713057071e-05
bitcount,three,999,failure_history,8,4,cc836272aa55173d,1,1,0,8,12,1,2.241700713057071e-05
bitcount,three,999,failure_history,8,8,cc836272aa55173d,1,1,0,8,12,1,2.241700713057071e-05
bitcount,three,999,failure_history,8,16,,0,0,0,8,12,1,2.241700713057071e-05
bitcount,three,999,round_robin,16,1,cc836272aa55173d,1,1,0,16,12,1,2.0709005184471607e-05
bitcount,three,999,round_robin,16,4,cc836272aa55173d,1,1,0,16,12,1,2.0709005184471607e-05
bitcount,three,999,round_robin,16,8,cc836272aa55173d,1,1,0,16,12,1,2.0709005184471607e-05
bitcount,three,999,round_robin,16,16,cc836272aa55173d,1,1,0,16,12,1,2.0709005184471607e-05
bitcount,three,999,candidate_focused,16,1,cc836272aa55173d,1,1,0,16,12,1,1.8625010852701962e-05
bitcount,three,999,candidate_focused,16,4,cc836272aa55173d,1,1,0,16,12,1,1.8625010852701962e-05
bitcount,three,999,candidate_focused,16,8,cc836272aa55173d,1,1,0,16,12,1,1.8625010852701962e-05
bitcount,three,999,candidate_focused,16,16,cc836272aa55173d,1,1,0,16,12,1,1.8625010852701962e-05
bitcount,three,999,failure_count,16,1,cc836272aa55173d,1,1,0,16,12,1,2.7709000278264284e-05
bitcount,three,999,failure_count,16,4,cc836272aa55173d,1,1,0,16,12,1,2.7709000278264284e-05
bitcount,three,999,failure_count,16,8,cc836272aa55173d,1,1,0,16,12,1,2.7709000278264284e-05
bitcount,three,999,failure_count,16,16,cc836272aa55173d,1,1,0,16,12,1,2.7709000278264284e-05
bitcount,three,999,failure_history,16,1,cc836272aa55173d,1,1,0,16,12,1,3.091699909418821e-05
bitcount,three,999,failure_history,16,4,cc836272aa55173d,1,1,0,16,12,1,3.091699909418821e-05
bitcount,three,999,failure_history,16,8,cc836272aa55173d,1,1,0,16,12,1,3.091699909418821e-05
bitcount,three,999,failure_history,16,16,cc836272aa55173d,1,1,0,16,12,1,3.091699909418821e-05
bitcount,three,999,round_robin,32,1,cc836272aa55173d,1,1,0,16,12,1,2.0541003323160112e-05
bitcount,three,999,round_robin,32,4,cc836272aa55173d,1,1,0,16,12,1,2.0541003323160112e-05
bitcount,three,999,round_robin,32,8,cc836272aa55173d,1,1,0,16,12,1,2.0541003323160112e-05
bitcount,three,999,round_robin,32,16,cc836272aa55173d,1,1,0,16,12,1,2.0541003323160112e-05
bitcount,three,999,candidate_focused,32,1,cc836272aa55173d,1,1,0,16,12,1,1.8542006728239357e-05
bitcount,three,999,candidate_focused,32,4,cc836272aa55173d,1,1,0,16,12,1,1.8542006728239357e-05
bitcount,three,999,candidate_focused,32,8,cc836272aa55173d,1,1,0,16,12,1,1.8542006728239357e-05
bitcount,three,999,candidate_focused,32,16,cc836272aa55173d,1,1,0,16,12,1,1.8542006728239357e-05
bitcount,three,999,failure_count,32,1,cc836272aa55173d,1,1,0,16,12,1,2.762500662356615e-05
bitcount,three,999,failure_count,32,4,cc836272aa55173d,1,1,0,16,12,1,2.762500662356615e-05
bitcount,three,999,failure_count,32,8,cc836272aa55173d,1,1,0,16,12,1,2.762500662356615e-05
bitcount,three,999,failure_count,32,16,cc836272aa55173d,1,1,0,16,12,1,2.762500662356615e-05
bitcount,three,999,failure_history,32,1,cc836272aa55173d,1,1,0,16,12,1,3.079199814237654e-05
bitcount,three,999,failure_history,32,4,cc836272aa55173d,1,1,0,16,12,1,3.079199814237654e-05
bitcount,three,999,failure_history,32,8,cc836272aa55173d,1,1,0,16,12,1,3.079199814237654e-05
bitcount,three,999,failure_history,32,16,cc836272aa55173d,1,1,0,16,12,1,3.079199814237654e-05
bitcount,three,999,round_robin,64,1,cc836272aa55173d,1,1,0,16,12,1,1.895800232887268e-05
bitcount,three,999,round_robin,64,4,cc836272aa55173d,1,1,0,16,12,1,1.895800232887268e-05
bitcount,three,999,round_robin,64,8,cc836272aa55173d,1,1,0,16,12,1,1.895800232887268e-05
bitcount,three,999,round_robin,64,16,cc836272aa55173d,1,1,0,16,12,1,1.895800232887268e-05
bitcount,three,999,candidate_focused,64,1,cc836272aa55173d,1,1,0,16,12,1,1.654100196901709e-05
bitcount,three,999,candidate_focused,64,4,cc836272aa55173d,1,1,0,16,12,1,1.654100196901709e-05
bitcount,three,999,candidate_focused,64,8,cc836272aa55173d,1,1,0,16,12,1,1.654100196901709e-05
bitcount,three,999,candidate_focused,64,16,cc836272aa55173d,1,1,0,16,12,1,1.654100196901709e-05
bitcount,three,999,failure_count,64,1,cc836272aa55173d,1,1,0,16,12,1,2.4792010663077235e-05
bitcount,three,999,failure_count,64,4,cc836272aa55173d,1,1,0,16,12,1,2.4792010663077235e-05
bitcount,three,999,failure_count,64,8,cc836272aa55173d,1,1,0,16,12,1,2.4792010663077235e-05
bitcount,three,999,failure_count,64,16,cc836272aa55173d,1,1,0,16,12,1,2.4792010663077235e-05
bitcount,three,999,failure_history,64,1,cc836272aa55173d,1,1,0,16,12,1,2.7667003450915217e-05
bitcount,three,999,failure_history,64,4,cc836272aa55173d,1,1,0,16,12,1,2.7667003450915217e-05
bitcount,three,999,failure_history,64,8,cc836272aa55173d,1,1,0,16,12,1,2.7667003450915217e-05
bitcount,three,999,failure_history,64,16,cc836272aa55173d,1,1,0,16,12,1,2.7667003450915217e-05
bitcount,three,999,round_robin,128,1,cc836272aa55173d,1,1,0,16,12,1,1.8499995348975062e-05
bitcount,three,999,round_robin,128,4,cc836272aa55173d,1,1,0,16,12,1,1.8499995348975062e-05
bitcount,three,999,round_robin,128,8,cc836272aa55173d,1,1,0,16,12,1,1.8499995348975062e-05
bitcount,three,999,round_robin,128,16,cc836272aa55173d,1,1,0,16,12,1,1.8499995348975062e-05
bitcount,three,999,candidate_focused,128,1,cc836272aa55173d,1,1,0,16,12,1,1.6709003830328584e-05
bitcount,three,999,candidate_focused,128,4,cc836272aa55173d,1,1,0,16,12,1,1.6709003830328584e-05
bitcount,three,999,candidate_focused,128,8,cc836272aa55173d,1,1,0,16,12,1,1.6709003830328584e-05
bitcount,three,999,candidate_focused,128,16,cc836272aa55173d,1,1,0,16,12,1,1.6709003830328584e-05
bitcount,three,999,failure_count,128,1,cc836272aa55173d,1,1,0,16,12,1,2.4666995159350336e-05
bitcount,three,999,failure_count,128,4,cc836272aa55173d,1,1,0,16,12,1,2.4666995159350336e-05
bitcount,three,999,failure_count,128,8,cc836272aa55173d,1,1,0,16,12,1,2.4666995159350336e-05
bitcount,three,999,failure_count,128,16,cc836272aa55173d,1,1,0,16,12,1,2.4666995159350336e-05
bitcount,three,999,failure_history,128,1,cc836272aa55173d,1,1,0,16,12,1,2.7458008844405413e-05
bitcount,three,999,failure_history,128,4,cc836272aa55173d,1,1,0,16,12,1,2.7458008844405413e-05
bitcount,three,999,failure_history,128,8,cc836272aa55173d,1,1,0,16,12,1,2.7458008844405413e-05
bitcount,three,999,failure_history,128,16,cc836272aa55173d,1,1,0,16,12,1,2.7458008844405413e-05
bitcount,all,999,existing_only,0,0,cc836272aa55173d,1,1,0,0,18,1,0
bitcount,all,999,round_robin,8,1,cc836272aa55173d,1,1,0,8,18,1,1.3291006325744092e-05
bitcount,all,999,round_robin,8,4,cc836272aa55173d,1,1,0,8,18,1,1.3291006325744092e-05
bitcount,all,999,round_robin,8,8,cc836272aa55173d,1,1,0,8,18,1,1.3291006325744092e-05
bitcount,all,999,round_robin,8,16,,0,0,0,8,18,1,1.3291006325744092e-05
bitcount,all,999,candidate_focused,8,1,cc836272aa55173d,1,1,0,8,18,1,1.2291988241486251e-05
bitcount,all,999,candidate_focused,8,4,cc836272aa55173d,1,1,0,8,18,1,1.2291988241486251e-05
bitcount,all,999,candidate_focused,8,8,cc836272aa55173d,1,1,0,8,18,1,1.2291988241486251e-05
bitcount,all,999,candidate_focused,8,16,,0,0,0,8,18,1,1.2291988241486251e-05
bitcount,all,999,failure_count,8,1,cc836272aa55173d,1,1,0,8,18,1,1.8125007045455277e-05
bitcount,all,999,failure_count,8,4,cc836272aa55173d,1,1,0,8,18,1,1.8125007045455277e-05
bitcount,all,999,failure_count,8,8,cc836272aa55173d,1,1,0,8,18,1,1.8125007045455277e-05
bitcount,all,999,failure_count,8,16,,0,0,0,8,18,1,1.8125007045455277e-05
bitcount,all,999,failure_history,8,1,cc836272aa55173d,1,1,0,8,18,1,1.983299443963915e-05
bitcount,all,999,failure_history,8,4,cc836272aa55173d,1,1,0,8,18,1,1.983299443963915e-05
bitcount,all,999,failure_history,8,8,cc836272aa55173d,1,1,0,8,18,1,1.983299443963915e-05
bitcount,all,999,failure_history,8,16,,0,0,0,8,18,1,1.983299443963915e-05
bitcount,all,999,round_robin,16,1,cc836272aa55173d,1,1,0,16,18,1,1.8082995666190982e-05
bitcount,all,999,round_robin,16,4,cc836272aa55173d,1,1,0,16,18,1,1.8082995666190982e-05
bitcount,all,999,round_robin,16,8,cc836272aa55173d,1,1,0,16,18,1,1.8082995666190982e-05
bitcount,all,999,round_robin,16,16,cc836272aa55173d,1,1,0,16,18,1,1.8082995666190982e-05
bitcount,all,999,candidate_focused,16,1,cc836272aa55173d,1,1,0,16,18,1,1.6624995623715222e-05
bitcount,all,999,candidate_focused,16,4,cc836272aa55173d,1,1,0,16,18,1,1.6624995623715222e-05
bitcount,all,999,candidate_focused,16,8,cc836272aa55173d,1,1,0,16,18,1,1.6624995623715222e-05
bitcount,all,999,candidate_focused,16,16,cc836272aa55173d,1,1,0,16,18,1,1.6624995623715222e-05
bitcount,all,999,failure_count,16,1,cc836272aa55173d,1,1,0,16,18,1,2.4583001504652202e-05
bitcount,all,999,failure_count,16,4,cc836272aa55173d,1,1,0,16,18,1,2.4583001504652202e-05
bitcount,all,999,failure_count,16,8,cc836272aa55173d,1,1,0,16,18,1,2.4583001504652202e-05
bitcount,all,999,failure_count,16,16,cc836272aa55173d,1,1,0,16,18,1,2.4583001504652202e-05
bitcount,all,999,failure_history,16,1,cc836272aa55173d,1,1,0,16,18,1,2.7125002816319466e-05
bitcount,all,999,failure_history,16,4,cc836272aa55173d,1,1,0,16,18,1,2.7125002816319466e-05
bitcount,all,999,failure_history,16,8,cc836272aa55173d,1,1,0,16,18,1,2.7125002816319466e-05
bitcount,all,999,failure_history,16,16,cc836272aa55173d,1,1,0,16,18,1,2.7125002816319466e-05
bitcount,all,999,round_robin,32,1,cc836272aa55173d,1,1,0,16,18,1,1.8166989320889115e-05
bitcount,all,999,round_robin,32,4,cc836272aa55173d,1,1,0,16,18,1,1.8166989320889115e-05
bitcount,all,999,round_robin,32,8,cc836272aa55173d,1,1,0,16,18,1,1.8166989320889115e-05
bitcount,all,999,round_robin,32,16,cc836272aa55173d,1,1,0,16,18,1,1.8166989320889115e-05
bitcount,all,999,candidate_focused,32,1,cc836272aa55173d,1,1,0,16,18,1,1.637499372009188e-05
bitcount,all,999,candidate_focused,32,4,cc836272aa55173d,1,1,0,16,18,1,1.637499372009188e-05
bitcount,all,999,candidate_focused,32,8,cc836272aa55173d,1,1,0,16,18,1,1.637499372009188e-05
bitcount,all,999,candidate_focused,32,16,cc836272aa55173d,1,1,0,16,18,1,1.637499372009188e-05
bitcount,all,999,failure_count,32,1,cc836272aa55173d,1,1,0,16,18,1,2.4625012883916497e-05
bitcount,all,999,failure_count,32,4,cc836272aa55173d,1,1,0,16,18,1,2.4625012883916497e-05
bitcount,all,999,failure_count,32,8,cc836272aa55173d,1,1,0,16,18,1,2.4625012883916497e-05
bitcount,all,999,failure_count,32,16,cc836272aa55173d,1,1,0,16,18,1,2.4625012883916497e-05
bitcount,all,999,failure_history,32,1,cc836272aa55173d,1,1,0,16,18,1,2.7582995244301856e-05
bitcount,all,999,failure_history,32,4,cc836272aa55173d,1,1,0,16,18,1,2.7582995244301856e-05
bitcount,all,999,failure_history,32,8,cc836272aa55173d,1,1,0,16,18,1,2.7582995244301856e-05
bitcount,all,999,failure_history,32,16,cc836272aa55173d,1,1,0,16,18,1,2.7582995244301856e-05
bitcount,all,999,round_robin,64,1,cc836272aa55173d,1,1,0,16,18,1,1.8250007997266948e-05
bitcount,all,999,round_robin,64,4,cc836272aa55173d,1,1,0,16,18,1,1.8250007997266948e-05
bitcount,all,999,round_robin,64,8,cc836272aa55173d,1,1,0,16,18,1,1.8250007997266948e-05
bitcount,all,999,round_robin,64,16,cc836272aa55173d,1,1,0,16,18,1,1.8250007997266948e-05
bitcount,all,999,candidate_focused,64,1,cc836272aa55173d,1,1,0,16,18,1,1.6416001017205417e-05
bitcount,all,999,candidate_focused,64,4,cc836272aa55173d,1,1,0,16,18,1,1.6416001017205417e-05
bitcount,all,999,candidate_focused,64,8,cc836272aa55173d,1,1,0,16,18,1,1.6416001017205417e-05
bitcount,all,999,candidate_focused,64,16,cc836272aa55173d,1,1,0,16,18,1,1.6416001017205417e-05
bitcount,all,999,failure_count,64,1,cc836272aa55173d,1,1,0,16,18,1,2.4541994207538664e-05
bitcount,all,999,failure_count,64,4,cc836272aa55173d,1,1,0,16,18,1,2.4541994207538664e-05
bitcount,all,999,failure_count,64,8,cc836272aa55173d,1,1,0,16,18,1,2.4541994207538664e-05
bitcount,all,999,failure_count,64,16,cc836272aa55173d,1,1,0,16,18,1,2.4541994207538664e-05
bitcount,all,999,failure_history,64,1,cc836272aa55173d,1,1,0,16,18,1,2.72089964710176e-05
bitcount,all,999,failure_history,64,4,cc836272aa55173d,1,1,0,16,18,1,2.72089964710176e-05
bitcount,all,999,failure_history,64,8,cc836272aa55173d,1,1,0,16,18,1,2.72089964710176e-05
bitcount,all,999,failure_history,64,16,cc836272aa55173d,1,1,0,16,18,1,2.72089964710176e-05
bitcount,all,999,round_robin,128,1,cc836272aa55173d,1,1,0,16,18,1,1.812499249354005e-05
bitcount,all,999,round_robin,128,4,cc836272aa55173d,1,1,0,16,18,1,1.812499249354005e-05
bitcount,all,999,round_robin,128,8,cc836272aa55173d,1,1,0,16,18,1,1.812499249354005e-05
bitcount,all,999,round_robin,128,16,cc836272aa55173d,1,1,0,16,18,1,1.812499249354005e-05
bitcount,all,999,candidate_focused,128,1,cc836272aa55173d,1,1,0,16,18,1,1.6624995623715222e-05
bitcount,all,999,candidate_focused,128,4,cc836272aa55173d,1,1,0,16,18,1,1.6624995623715222e-05
bitcount,all,999,candidate_focused,128,8,cc836272aa55173d,1,1,0,16,18,1,1.6624995623715222e-05
bitcount,all,999,candidate_focused,128,16,cc836272aa55173d,1,1,0,16,18,1,1.6624995623715222e-05
bitcount,all,999,failure_count,128,1,cc836272aa55173d,1,1,0,16,18,1,2.474999928381294e-05
bitcount,all,999,failure_count,128,4,cc836272aa55173d,1,1,0,16,18,1,2.474999928381294e-05
bitcount,all,999,failure_count,128,8,cc836272aa55173d,1,1,0,16,18,1,2.474999928381294e-05
bitcount,all,999,failure_count,128,16,cc836272aa55173d,1,1,0,16,18,1,2.474999928381294e-05
bitcount,all,999,failure_history,128,1,cc836272aa55173d,1,1,0,16,18,1,2.720800694078207e-05
bitcount,all,999,failure_history,128,4,cc836272aa55173d,1,1,0,16,18,1,2.720800694078207e-05
bitcount,all,999,failure_history,128,8,cc836272aa55173d,1,1,0,16,18,1,2.720800694078207e-05
bitcount,all,999,failure_history,128,16,cc836272aa55173d,1,1,0,16,18,1,2.720800694078207e-05
gcd,one,999,existing_only,0,0,cc27ba6fe2725b7a,1,0,1,0,6,3,0
gcd,one,999,round_robin,8,1,9a45858443cc1399,1,1,0,8,6,3,2.9125003493390977e-05
gcd,one,999,round_robin,8,4,9a45858443cc1399,1,1,0,8,6,3,2.9125003493390977e-05
gcd,one,999,round_robin,8,8,,0,0,0,8,6,3,2.9125003493390977e-05
gcd,one,999,round_robin,8,16,,0,0,0,8,6,3,2.9125003493390977e-05
gcd,one,999,candidate_focused,8,1,9a45858443cc1399,1,1,0,8,6,3,2.0082996343262494e-05
gcd,one,999,candidate_focused,8,4,9a45858443cc1399,1,1,0,8,6,3,2.0082996343262494e-05
gcd,one,999,candidate_focused,8,8,,0,0,0,8,6,3,2.0082996343262494e-05
gcd,one,999,candidate_focused,8,16,,0,0,0,8,6,3,2.0082996343262494e-05
gcd,one,999,failure_count,8,1,9a45858443cc1399,1,1,0,8,6,3,2.6542009436525404e-05
gcd,one,999,failure_count,8,4,9a45858443cc1399,1,1,0,8,6,3,2.6542009436525404e-05
gcd,one,999,failure_count,8,8,,0,0,0,8,6,3,2.6542009436525404e-05
gcd,one,999,failure_count,8,16,,0,0,0,8,6,3,2.6542009436525404e-05
gcd,one,999,failure_history,8,1,9a45858443cc1399,1,1,0,8,6,3,3.0790994060225785e-05
gcd,one,999,failure_history,8,4,9a45858443cc1399,1,1,0,8,6,3,3.0790994060225785e-05
gcd,one,999,failure_history,8,8,,0,0,0,8,6,3,3.0790994060225785e-05
gcd,one,999,failure_history,8,16,,0,0,0,8,6,3,3.0790994060225785e-05
gcd,one,999,round_robin,16,1,9a45858443cc1399,1,1,0,16,6,3,2.7999994927085936e-05
gcd,one,999,round_robin,16,4,9a45858443cc1399,1,1,0,16,6,3,2.7999994927085936e-05
gcd,one,999,round_robin,16,8,9a45858443cc1399,1,1,0,16,6,3,2.7999994927085936e-05
gcd,one,999,round_robin,16,16,,0,0,0,16,6,3,2.7999994927085936e-05
gcd,one,999,candidate_focused,16,1,9a45858443cc1399,1,1,0,16,6,3,1.86669931281358e-05
gcd,one,999,candidate_focused,16,4,9a45858443cc1399,1,1,0,16,6,3,1.86669931281358e-05
gcd,one,999,candidate_focused,16,8,9a45858443cc1399,1,1,0,16,6,3,1.86669931281358e-05
gcd,one,999,candidate_focused,16,16,,0,0,0,16,6,3,1.86669931281358e-05
gcd,one,999,failure_count,16,1,9a45858443cc1399,1,1,0,16,6,3,2.9584000003524125e-05
gcd,one,999,failure_count,16,4,9a45858443cc1399,1,1,0,16,6,3,2.9584000003524125e-05
gcd,one,999,failure_count,16,8,9a45858443cc1399,1,1,0,16,6,3,2.9584000003524125e-05
gcd,one,999,failure_count,16,16,,0,0,0,16,6,3,2.9584000003524125e-05
gcd,one,999,failure_history,16,1,9a45858443cc1399,1,1,0,16,6,3,4.212500061839819e-05
gcd,one,999,failure_history,16,4,9a45858443cc1399,1,1,0,16,6,3,4.212500061839819e-05
gcd,one,999,failure_history,16,8,9a45858443cc1399,1,1,0,16,6,3,4.212500061839819e-05
gcd,one,999,failure_history,16,16,,0,0,0,16,6,3,4.212500061839819e-05
gcd,one,999,round_robin,32,1,9a45858443cc1399,1,1,0,18,6,3,2.1917003323324025e-05
gcd,one,999,round_robin,32,4,9a45858443cc1399,1,1,0,18,6,3,2.1917003323324025e-05
gcd,one,999,round_robin,32,8,9a45858443cc1399,1,1,0,18,6,3,2.1917003323324025e-05
gcd,one,999,round_robin,32,16,9a45858443cc1399,1,1,0,18,6,3,2.1917003323324025e-05
gcd,one,999,candidate_focused,32,1,9a45858443cc1399,1,1,0,18,6,3,2.008400042541325e-05
gcd,one,999,candidate_focused,32,4,9a45858443cc1399,1,1,0,18,6,3,2.008400042541325e-05
gcd,one,999,candidate_focused,32,8,9a45858443cc1399,1,1,0,18,6,3,2.008400042541325e-05
gcd,one,999,candidate_focused,32,16,9a45858443cc1399,1,1,0,18,6,3,2.008400042541325e-05
gcd,one,999,failure_count,32,1,9a45858443cc1399,1,1,0,18,6,3,3.616600588429719e-05
gcd,one,999,failure_count,32,4,9a45858443cc1399,1,1,0,18,6,3,3.616600588429719e-05
gcd,one,999,failure_count,32,8,9a45858443cc1399,1,1,0,18,6,3,3.616600588429719e-05
gcd,one,999,failure_count,32,16,9a45858443cc1399,1,1,0,18,6,3,3.616600588429719e-05
gcd,one,999,failure_history,32,1,9a45858443cc1399,1,1,0,18,6,3,3.6874989746138453e-05
gcd,one,999,failure_history,32,4,9a45858443cc1399,1,1,0,18,6,3,3.6874989746138453e-05
gcd,one,999,failure_history,32,8,9a45858443cc1399,1,1,0,18,6,3,3.6874989746138453e-05
gcd,one,999,failure_history,32,16,9a45858443cc1399,1,1,0,18,6,3,3.6874989746138453e-05
gcd,one,999,round_robin,64,1,9a45858443cc1399,1,1,0,18,6,3,2.3665998014621437e-05
gcd,one,999,round_robin,64,4,9a45858443cc1399,1,1,0,18,6,3,2.3665998014621437e-05
gcd,one,999,round_robin,64,8,9a45858443cc1399,1,1,0,18,6,3,2.3665998014621437e-05
gcd,one,999,round_robin,64,16,9a45858443cc1399,1,1,0,18,6,3,2.3665998014621437e-05
gcd,one,999,candidate_focused,64,1,9a45858443cc1399,1,1,0,18,6,3,2.1415995433926582e-05
gcd,one,999,candidate_focused,64,4,9a45858443cc1399,1,1,0,18,6,3,2.1415995433926582e-05
gcd,one,999,candidate_focused,64,8,9a45858443cc1399,1,1,0,18,6,3,2.1415995433926582e-05
gcd,one,999,candidate_focused,64,16,9a45858443cc1399,1,1,0,18,6,3,2.1415995433926582e-05
gcd,one,999,failure_count,64,1,9a45858443cc1399,1,1,0,18,6,3,3.383299917913973e-05
gcd,one,999,failure_count,64,4,9a45858443cc1399,1,1,0,18,6,3,3.383299917913973e-05
gcd,one,999,failure_count,64,8,9a45858443cc1399,1,1,0,18,6,3,3.383299917913973e-05
gcd,one,999,failure_count,64,16,9a45858443cc1399,1,1,0,18,6,3,3.383299917913973e-05
gcd,one,999,failure_history,64,1,9a45858443cc1399,1,1,0,18,6,3,3.7416000850498676e-05
gcd,one,999,failure_history,64,4,9a45858443cc1399,1,1,0,18,6,3,3.7416000850498676e-05
gcd,one,999,failure_history,64,8,9a45858443cc1399,1,1,0,18,6,3,3.7416000850498676e-05
gcd,one,999,failure_history,64,16,9a45858443cc1399,1,1,0,18,6,3,3.7416000850498676e-05
gcd,one,999,round_robin,128,1,9a45858443cc1399,1,1,0,18,6,3,2.4042004952207208e-05
gcd,one,999,round_robin,128,4,9a45858443cc1399,1,1,0,18,6,3,2.4042004952207208e-05
gcd,one,999,round_robin,128,8,9a45858443cc1399,1,1,0,18,6,3,2.4042004952207208e-05
gcd,one,999,round_robin,128,16,9a45858443cc1399,1,1,0,18,6,3,2.4042004952207208e-05
gcd,one,999,candidate_focused,128,1,9a45858443cc1399,1,1,0,18,6,3,2.1792002371512353e-05
gcd,one,999,candidate_focused,128,4,9a45858443cc1399,1,1,0,18,6,3,2.1792002371512353e-05
gcd,one,999,candidate_focused,128,8,9a45858443cc1399,1,1,0,18,6,3,2.1792002371512353e-05
gcd,one,999,candidate_focused,128,16,9a45858443cc1399,1,1,0,18,6,3,2.1792002371512353e-05
gcd,one,999,failure_count,128,1,9a45858443cc1399,1,1,0,18,6,3,3.3125004847534e-05
gcd,one,999,failure_count,128,4,9a45858443cc1399,1,1,0,18,6,3,3.3125004847534e-05
gcd,one,999,failure_count,128,8,9a45858443cc1399,1,1,0,18,6,3,3.3125004847534e-05
gcd,one,999,failure_count,128,16,9a45858443cc1399,1,1,0,18,6,3,3.3125004847534e-05
gcd,one,999,failure_history,128,1,9a45858443cc1399,1,1,0,18,6,3,3.7290999898687005e-05
gcd,one,999,failure_history,128,4,9a45858443cc1399,1,1,0,18,6,3,3.7290999898687005e-05
gcd,one,999,failure_history,128,8,9a45858443cc1399,1,1,0,18,6,3,3.7290999898687005e-05
gcd,one,999,failure_history,128,16,9a45858443cc1399,1,1,0,18,6,3,3.7290999898687005e-05
gcd,three,999,existing_only,0,0,9a45858443cc1399,1,1,0,0,11,1,0
gcd,three,999,round_robin,8,1,9a45858443cc1399,1,1,0,8,11,1,1.675001112744212e-05
gcd,three,999,round_robin,8,4,9a45858443cc1399,1,1,0,8,11,1,1.675001112744212e-05
gcd,three,999,round_robin,8,8,9a45858443cc1399,1,1,0,8,11,1,1.675001112744212e-05
gcd,three,999,round_robin,8,16,,0,0,0,8,11,1,1.675001112744212e-05
gcd,three,999,candidate_focused,8,1,9a45858443cc1399,1,1,0,8,11,1,1.4582998119294643e-05
gcd,three,999,candidate_focused,8,4,9a45858443cc1399,1,1,0,8,11,1,1.4582998119294643e-05
gcd,three,999,candidate_focused,8,8,9a45858443cc1399,1,1,0,8,11,1,1.4582998119294643e-05
gcd,three,999,candidate_focused,8,16,,0,0,0,8,11,1,1.4582998119294643e-05
gcd,three,999,failure_count,8,1,9a45858443cc1399,1,1,0,8,11,1,2.070800110232085e-05
gcd,three,999,failure_count,8,4,9a45858443cc1399,1,1,0,8,11,1,2.070800110232085e-05
gcd,three,999,failure_count,8,8,9a45858443cc1399,1,1,0,8,11,1,2.070800110232085e-05
gcd,three,999,failure_count,8,16,,0,0,0,8,11,1,2.070800110232085e-05
gcd,three,999,failure_history,8,1,9a45858443cc1399,1,1,0,8,11,1,2.304100780747831e-05
gcd,three,999,failure_history,8,4,9a45858443cc1399,1,1,0,8,11,1,2.304100780747831e-05
gcd,three,999,failure_history,8,8,9a45858443cc1399,1,1,0,8,11,1,2.304100780747831e-05
gcd,three,999,failure_history,8,16,,0,0,0,8,11,1,2.304100780747831e-05
gcd,three,999,round_robin,16,1,9a45858443cc1399,1,1,0,16,11,1,2.112500078510493e-05
gcd,three,999,round_robin,16,4,9a45858443cc1399,1,1,0,16,11,1,2.112500078510493e-05
gcd,three,999,round_robin,16,8,9a45858443cc1399,1,1,0,16,11,1,2.112500078510493e-05
gcd,three,999,round_robin,16,16,9a45858443cc1399,1,1,0,16,11,1,2.112500078510493e-05
gcd,three,999,candidate_focused,16,1,9a45858443cc1399,1,1,0,16,11,1,1.925000105984509e-05
gcd,three,999,candidate_focused,16,4,9a45858443cc1399,1,1,0,16,11,1,1.925000105984509e-05
gcd,three,999,candidate_focused,16,8,9a45858443cc1399,1,1,0,16,11,1,1.925000105984509e-05
gcd,three,999,candidate_focused,16,16,9a45858443cc1399,1,1,0,16,11,1,1.925000105984509e-05
gcd,three,999,failure_count,16,1,9a45858443cc1399,1,1,0,16,11,1,2.8416005079634488e-05
gcd,three,999,failure_count,16,4,9a45858443cc1399,1,1,0,16,11,1,2.8416005079634488e-05
gcd,three,999,failure_count,16,8,9a45858443cc1399,1,1,0,16,11,1,2.8416005079634488e-05
gcd,three,999,failure_count,16,16,9a45858443cc1399,1,1,0,16,11,1,2.8416005079634488e-05
gcd,three,999,failure_history,16,1,9a45858443cc1399,1,1,0,16,11,1,3.1624993425793946e-05
gcd,three,999,failure_history,16,4,9a45858443cc1399,1,1,0,16,11,1,3.1624993425793946e-05
gcd,three,999,failure_history,16,8,9a45858443cc1399,1,1,0,16,11,1,3.1624993425793946e-05
gcd,three,999,failure_history,16,16,9a45858443cc1399,1,1,0,16,11,1,3.1624993425793946e-05
gcd,three,999,round_robin,32,1,9a45858443cc1399,1,1,0,16,11,1,2.1041007130406797e-05
gcd,three,999,round_robin,32,4,9a45858443cc1399,1,1,0,16,11,1,2.1041007130406797e-05
gcd,three,999,round_robin,32,8,9a45858443cc1399,1,1,0,16,11,1,2.1041007130406797e-05
gcd,three,999,round_robin,32,16,9a45858443cc1399,1,1,0,16,11,1,2.1041007130406797e-05
gcd,three,999,candidate_focused,32,1,9a45858443cc1399,1,1,0,16,11,1,1.908400736283511e-05
gcd,three,999,candidate_focused,32,4,9a45858443cc1399,1,1,0,16,11,1,1.908400736283511e-05
gcd,three,999,candidate_focused,32,8,9a45858443cc1399,1,1,0,16,11,1,1.908400736283511e-05
gcd,three,999,candidate_focused,32,16,9a45858443cc1399,1,1,0,16,11,1,1.908400736283511e-05
gcd,three,999,failure_count,32,1,9a45858443cc1399,1,1,0,16,11,1,2.8292008209973574e-05
gcd,three,999,failure_count,32,4,9a45858443cc1399,1,1,0,16,11,1,2.8292008209973574e-05
gcd,three,999,failure_count,32,8,9a45858443cc1399,1,1,0,16,11,1,2.8292008209973574e-05
gcd,three,999,failure_count,32,16,9a45858443cc1399,1,1,0,16,11,1,2.8292008209973574e-05
gcd,three,999,failure_history,32,1,9a45858443cc1399,1,1,0,16,11,1,3.129099786747247e-05
gcd,three,999,failure_history,32,4,9a45858443cc1399,1,1,0,16,11,1,3.129099786747247e-05
gcd,three,999,failure_history,32,8,9a45858443cc1399,1,1,0,16,11,1,3.129099786747247e-05
gcd,three,999,failure_history,32,16,9a45858443cc1399,1,1,0,16,11,1,3.129099786747247e-05
gcd,three,999,round_robin,64,1,9a45858443cc1399,1,1,0,16,11,1,2.104099257849157e-05
gcd,three,999,round_robin,64,4,9a45858443cc1399,1,1,0,16,11,1,2.104099257849157e-05
gcd,three,999,round_robin,64,8,9a45858443cc1399,1,1,0,16,11,1,2.104099257849157e-05
gcd,three,999,round_robin,64,16,9a45858443cc1399,1,1,0,16,11,1,2.104099257849157e-05
gcd,three,999,candidate_focused,64,1,9a45858443cc1399,1,1,0,16,11,1,1.912500010803342e-05
gcd,three,999,candidate_focused,64,4,9a45858443cc1399,1,1,0,16,11,1,1.912500010803342e-05
gcd,three,999,candidate_focused,64,8,9a45858443cc1399,1,1,0,16,11,1,1.912500010803342e-05
gcd,three,999,candidate_focused,64,16,9a45858443cc1399,1,1,0,16,11,1,1.912500010803342e-05
gcd,three,999,failure_count,64,1,9a45858443cc1399,1,1,0,16,11,1,2.820900408551097e-05
gcd,three,999,failure_count,64,4,9a45858443cc1399,1,1,0,16,11,1,2.820900408551097e-05
gcd,three,999,failure_count,64,8,9a45858443cc1399,1,1,0,16,11,1,2.820900408551097e-05
gcd,three,999,failure_count,64,16,9a45858443cc1399,1,1,0,16,11,1,2.820900408551097e-05
gcd,three,999,failure_history,64,1,9a45858443cc1399,1,1,0,16,11,1,3.1458010198548436e-05
gcd,three,999,failure_history,64,4,9a45858443cc1399,1,1,0,16,11,1,3.1458010198548436e-05
gcd,three,999,failure_history,64,8,9a45858443cc1399,1,1,0,16,11,1,3.1458010198548436e-05
gcd,three,999,failure_history,64,16,9a45858443cc1399,1,1,0,16,11,1,3.1458010198548436e-05
gcd,three,999,round_robin,128,1,9a45858443cc1399,1,1,0,16,11,1,2.0958003005944192e-05
gcd,three,999,round_robin,128,4,9a45858443cc1399,1,1,0,16,11,1,2.0958003005944192e-05
gcd,three,999,round_robin,128,8,9a45858443cc1399,1,1,0,16,11,1,2.0958003005944192e-05
gcd,three,999,round_robin,128,16,9a45858443cc1399,1,1,0,16,11,1,2.0958003005944192e-05
gcd,three,999,candidate_focused,128,1,9a45858443cc1399,1,1,0,16,11,1,1.8916995031759143e-05
gcd,three,999,candidate_focused,128,4,9a45858443cc1399,1,1,0,16,11,1,1.8916995031759143e-05
gcd,three,999,candidate_focused,128,8,9a45858443cc1399,1,1,0,16,11,1,1.8916995031759143e-05
gcd,three,999,candidate_focused,128,16,9a45858443cc1399,1,1,0,16,11,1,1.8916995031759143e-05
gcd,three,999,failure_count,128,1,9a45858443cc1399,1,1,0,16,11,1,2.8166992706246674e-05
gcd,three,999,failure_count,128,4,9a45858443cc1399,1,1,0,16,11,1,2.8166992706246674e-05
gcd,three,999,failure_count,128,8,9a45858443cc1399,1,1,0,16,11,1,2.8166992706246674e-05
gcd,three,999,failure_count,128,16,9a45858443cc1399,1,1,0,16,11,1,2.8166992706246674e-05
gcd,three,999,failure_history,128,1,9a45858443cc1399,1,1,0,16,11,1,3.1499992473982275e-05
gcd,three,999,failure_history,128,4,9a45858443cc1399,1,1,0,16,11,1,3.1499992473982275e-05
gcd,three,999,failure_history,128,8,9a45858443cc1399,1,1,0,16,11,1,3.1499992473982275e-05
gcd,three,999,failure_history,128,16,9a45858443cc1399,1,1,0,16,11,1,3.1499992473982275e-05
gcd,all,999,existing_only,0,0,9a45858443cc1399,1,1,0,0,14,1,0
gcd,all,999,round_robin,8,1,9a45858443cc1399,1,1,0,8,14,1,1.53339933604002e-05
gcd,all,999,round_robin,8,4,9a45858443cc1399,1,1,0,8,14,1,1.53339933604002e-05
gcd,all,999,round_robin,8,8,9a45858443cc1399,1,1,0,8,14,1,1.53339933604002e-05
gcd,all,999,round_robin,8,16,,0,0,0,8,14,1,1.53339933604002e-05
gcd,all,999,candidate_focused,8,1,9a45858443cc1399,1,1,0,8,14,1,1.4040997484698892e-05
gcd,all,999,candidate_focused,8,4,9a45858443cc1399,1,1,0,8,14,1,1.4040997484698892e-05
gcd,all,999,candidate_focused,8,8,9a45858443cc1399,1,1,0,8,14,1,1.4040997484698892e-05
gcd,all,999,candidate_focused,8,16,,0,0,0,8,14,1,1.4040997484698892e-05
gcd,all,999,failure_count,8,1,9a45858443cc1399,1,1,0,8,14,1,2.0457999198697507e-05
gcd,all,999,failure_count,8,4,9a45858443cc1399,1,1,0,8,14,1,2.0457999198697507e-05
gcd,all,999,failure_count,8,8,9a45858443cc1399,1,1,0,8,14,1,2.0457999198697507e-05
gcd,all,999,failure_count,8,16,,0,0,0,8,14,1,2.0457999198697507e-05
gcd,all,999,failure_history,8,1,9a45858443cc1399,1,1,0,8,14,1,2.300000051036477e-05
gcd,all,999,failure_history,8,4,9a45858443cc1399,1,1,0,8,14,1,2.300000051036477e-05
gcd,all,999,failure_history,8,8,9a45858443cc1399,1,1,0,8,14,1,2.300000051036477e-05
gcd,all,999,failure_history,8,16,,0,0,0,8,14,1,2.300000051036477e-05
gcd,all,999,round_robin,16,1,9a45858443cc1399,1,1,0,16,14,1,2.1042011212557554e-05
gcd,all,999,round_robin,16,4,9a45858443cc1399,1,1,0,16,14,1,2.1042011212557554e-05
gcd,all,999,round_robin,16,8,9a45858443cc1399,1,1,0,16,14,1,2.1042011212557554e-05
gcd,all,999,round_robin,16,16,9a45858443cc1399,1,1,0,16,14,1,2.1042011212557554e-05
gcd,all,999,candidate_focused,16,1,9a45858443cc1399,1,1,0,16,14,1,1.9042010535486042e-05
gcd,all,999,candidate_focused,16,4,9a45858443cc1399,1,1,0,16,14,1,1.9042010535486042e-05
gcd,all,999,candidate_focused,16,8,9a45858443cc1399,1,1,0,16,14,1,1.9042010535486042e-05
gcd,all,999,candidate_focused,16,16,9a45858443cc1399,1,1,0,16,14,1,1.9042010535486042e-05
gcd,all,999,failure_count,16,1,9a45858443cc1399,1,1,0,16,14,1,2.824999683070928e-05
gcd,all,999,failure_count,16,4,9a45858443cc1399,1,1,0,16,14,1,2.824999683070928e-05
gcd,all,999,failure_count,16,8,9a45858443cc1399,1,1,0,16,14,1,2.824999683070928e-05
gcd,all,999,failure_count,16,16,9a45858443cc1399,1,1,0,16,14,1,2.824999683070928e-05
gcd,all,999,failure_history,16,1,9a45858443cc1399,1,1,0,16,14,1,3.141599881928414e-05
gcd,all,999,failure_history,16,4,9a45858443cc1399,1,1,0,16,14,1,3.141599881928414e-05
gcd,all,999,failure_history,16,8,9a45858443cc1399,1,1,0,16,14,1,3.141599881928414e-05
gcd,all,999,failure_history,16,16,9a45858443cc1399,1,1,0,16,14,1,3.141599881928414e-05
gcd,all,999,round_robin,32,1,9a45858443cc1399,1,1,0,16,14,1,2.0915991626679897e-05
gcd,all,999,round_robin,32,4,9a45858443cc1399,1,1,0,16,14,1,2.0915991626679897e-05
gcd,all,999,round_robin,32,8,9a45858443cc1399,1,1,0,16,14,1,2.0915991626679897e-05
gcd,all,999,round_robin,32,16,9a45858443cc1399,1,1,0,16,14,1,2.0915991626679897e-05
gcd,all,999,candidate_focused,32,1,9a45858443cc1399,1,1,0,16,14,1,1.9416998839005828e-05
gcd,all,999,candidate_focused,32,4,9a45858443cc1399,1,1,0,16,14,1,1.9416998839005828e-05
gcd,all,999,candidate_focused,32,8,9a45858443cc1399,1,1,0,16,14,1,1.9416998839005828e-05
gcd,all,999,candidate_focused,32,16,9a45858443cc1399,1,1,0,16,14,1,1.9416998839005828e-05
gcd,all,999,failure_count,32,1,9a45858443cc1399,1,1,0,16,14,1,2.8541995561681688e-05
gcd,all,999,failure_count,32,4,9a45858443cc1399,1,1,0,16,14,1,2.8541995561681688e-05
gcd,all,999,failure_count,32,8,9a45858443cc1399,1,1,0,16,14,1,2.8541995561681688e-05
gcd,all,999,failure_count,32,16,9a45858443cc1399,1,1,0,16,14,1,2.8541995561681688e-05
gcd,all,999,failure_history,32,1,9a45858443cc1399,1,1,0,16,14,1,3.14170029014349e-05
gcd,all,999,failure_history,32,4,9a45858443cc1399,1,1,0,16,14,1,3.14170029014349e-05
gcd,all,999,failure_history,32,8,9a45858443cc1399,1,1,0,16,14,1,3.14170029014349e-05
gcd,all,999,failure_history,32,16,9a45858443cc1399,1,1,0,16,14,1,3.14170029014349e-05
gcd,all,999,round_robin,64,1,9a45858443cc1399,1,1,0,16,14,1,2.0958003005944192e-05
gcd,all,999,round_robin,64,4,9a45858443cc1399,1,1,0,16,14,1,2.0958003005944192e-05
gcd,all,999,round_robin,64,8,9a45858443cc1399,1,1,0,16,14,1,2.0958003005944192e-05
gcd,all,999,round_robin,64,16,9a45858443cc1399,1,1,0,16,14,1,2.0958003005944192e-05
gcd,all,999,candidate_focused,64,1,9a45858443cc1399,1,1,0,16,14,1,1.9041006453335285e-05
gcd,all,999,candidate_focused,64,4,9a45858443cc1399,1,1,0,16,14,1,1.9041006453335285e-05
gcd,all,999,candidate_focused,64,8,9a45858443cc1399,1,1,0,16,14,1,1.9041006453335285e-05
gcd,all,999,candidate_focused,64,16,9a45858443cc1399,1,1,0,16,14,1,1.9041006453335285e-05
gcd,all,999,failure_count,64,1,9a45858443cc1399,1,1,0,16,14,1,2.8291993658058345e-05
gcd,all,999,failure_count,64,4,9a45858443cc1399,1,1,0,16,14,1,2.8291993658058345e-05
gcd,all,999,failure_count,64,8,9a45858443cc1399,1,1,0,16,14,1,2.8291993658058345e-05
gcd,all,999,failure_count,64,16,9a45858443cc1399,1,1,0,16,14,1,2.8291993658058345e-05
gcd,all,999,failure_history,64,1,9a45858443cc1399,1,1,0,16,14,1,3.15000070258975e-05
gcd,all,999,failure_history,64,4,9a45858443cc1399,1,1,0,16,14,1,3.15000070258975e-05
gcd,all,999,failure_history,64,8,9a45858443cc1399,1,1,0,16,14,1,3.15000070258975e-05
gcd,all,999,failure_history,64,16,9a45858443cc1399,1,1,0,16,14,1,3.15000070258975e-05
gcd,all,999,round_robin,128,1,9a45858443cc1399,1,1,0,16,14,1,2.099999983329326e-05
gcd,all,999,round_robin,128,4,9a45858443cc1399,1,1,0,16,14,1,2.099999983329326e-05
gcd,all,999,round_robin,128,8,9a45858443cc1399,1,1,0,16,14,1,2.099999983329326e-05
gcd,all,999,round_robin,128,16,9a45858443cc1399,1,1,0,16,14,1,2.099999983329326e-05
gcd,all,999,candidate_focused,128,1,9a45858443cc1399,1,1,0,16,14,1,1.8916995031759143e-05
gcd,all,999,candidate_focused,128,4,9a45858443cc1399,1,1,0,16,14,1,1.8916995031759143e-05
gcd,all,999,candidate_focused,128,8,9a45858443cc1399,1,1,0,16,14,1,1.8916995031759143e-05
gcd,all,999,candidate_focused,128,16,9a45858443cc1399,1,1,0,16,14,1,1.8916995031759143e-05
gcd,all,999,failure_count,128,1,9a45858443cc1399,1,1,0,16,14,1,2.8457987355068326e-05
gcd,all,999,failure_count,128,4,9a45858443cc1399,1,1,0,16,14,1,2.8457987355068326e-05
gcd,all,999,failure_count,128,8,9a45858443cc1399,1,1,0,16,14,1,2.8457987355068326e-05
gcd,all,999,failure_count,128,16,9a45858443cc1399,1,1,0,16,14,1,2.8457987355068326e-05
gcd,all,999,failure_history,128,1,9a45858443cc1399,1,1,0,16,14,1,3.1458999728783965e-05
gcd,all,999,failure_history,128,4,9a45858443cc1399,1,1,0,16,14,1,3.1458999728783965e-05
gcd,all,999,failure_history,128,8,9a45858443cc1399,1,1,0,16,14,1,3.1458999728783965e-05
gcd,all,999,failure_history,128,16,9a45858443cc1399,1,1,0,16,14,1,3.1458999728783965e-05
